record_id,true_label,predicted_label,class_1_probability
254,1,1,0.9994846819200344
88,0,0,0.3047156677294503
122,0,0,0.042557801983234264
8,0,1,0.9904228994007961
197,0,1,0.6616734611529059
288,0,1,0.8282316498315812
130,1,1,0.7674553188184371
173,0,0,0.04255053112543213
178,1,1,0.9628986536322298
6,0,1,0.5267948226992901
52,1,1,0.7047551210903933
54,1,1,0.9433481011815589
238,1,0,0.46509751884044537
184,1,1,0.8438236438847299
105,1,1,0.8893889759992447
263,1,1,0.6247620241066139
236,1,1,0.9936530765531003
117,1,1,0.6782522812111239
216,1,0,0.39534734709304337
69,1,1,0.7492620091977759
298,1,1,0.9287731505504748
137,0,0,0.22240344458289382
23,1,1,0.8530968204017919
34,0,0,0.17321393412211625
106,1,1,0.8487890388217503
190,0,1,0.5304129532658449
169,0,0,0.03028187361782226
176,1,1,0.7304345784968668
299,0,0,0.11871659822664718
26,1,1,0.7334279738585247
63,0,0,0.10551303950684367
7,1,1,0.9802055533193587
244,1,1,0.6655313645591842
268,0,0,0.16443885579547146
199,0,0,0.0719097499791571
90,1,1,0.9399159176296793
217,0,0,0.39778005581770015
65,1,1,0.9359445372158011
153,1,1,0.7779046392546785
271,1,1,0.8600860194923828
46,0,0,0.015601866460428061
181,1,1,0.56838604284176
76,1,1,0.6294781928961449
68,1,0,0.31954545208514035
119,0,0,0.001889760007327602
49,0,0,0.08471265352046334
253,1,1,0.7191689775679735
235,0,0,0.08277622249497678
1,1,1,0.9458226007656034
243,0,0,0.4944217666287263
232,0,1,0.5288188663097102
56,1,1,0.9472872574203656
79,1,0,0.2284770659740431
229,0,0,0.08726703823567464
157,1,0,0.1855091933287003
252,1,1,0.6272199370603965
234,1,1,0.9725242740923157
266,0,0,0.06115853544705408
47,0,0,0.20726116445357382
165,1,1,0.6775875019647964
