record_id,partition
204,fit
123,fit
32,fit
289,fit
101,fit
13,fit
35,fit
28,fit
143,fit
213,fit
259,fit
15,fit
233,fit
186,fit
93,fit
255,fit
149,fit
188,fit
239,fit
203,fit
273,fit
258,fit
225,fit
72,fit
86,fit
219,fit
129,fit
17,fit
104,fit
192,fit
18,fit
124,fit
150,fit
168,fit
139,fit
180,fit
48,fit
99,fit
194,fit
275,fit
296,fit
144,fit
160,fit
196,fit
44,fit
132,fit
146,fit
3,fit
20,fit
30,fit
21,fit
145,fit
295,fit
151,fit
251,fit
142,fit
230,fit
214,fit
55,fit
162,fit
25,fit
74,fit
175,fit
60,fit
134,fit
141,fit
228,fit
260,fit
5,fit
272,fit
246,fit
43,fit
4,fit
92,fit
75,fit
265,fit
293,fit
276,fit
183,fit
202,fit
179,fit
22,fit
70,fit
231,fit
208,fit
24,fit
171,fit
112,fit
226,fit
237,fit
158,fit
96,fit
126,fit
64,fit
154,fit
109,fit
287,fit
2,fit
172,fit
200,fit
280,fit
267,fit
270,fit
131,fit
212,fit
248,fit
148,fit
201,fit
71,fit
198,fit
31,fit
111,fit
16,fit
81,fit
84,fit
127,fit
113,fit
87,fit
193,fit
58,fit
191,fit
264,fit
50,fit
209,fit
73,fit
210,fit
222,fit
121,fit
281,fit
300,fit
286,fit
108,fit
245,fit
241,fit
185,fit
77,fit
170,fit
166,fit
187,fit
36,fit
27,fit
98,fit
51,fit
182,fit
220,fit
11,fit
285,fit
103,fit
206,fit
215,fit
292,fit
277,fit
283,fit
294,fit
282,fit
80,fit
155,fit
164,fit
211,fit
67,fit
284,fit
89,fit
247,fit
249,fit
140,fit
278,fit
189,fit
29,fit
240,fit
19,fit
152,fit
38,fit
42,fit
163,fit
224,fit
61,fit
82,fit
279,fit
39,fit
57,fit
167,fit
118,fit
135,fit
136,fit
262,fit
91,fit
41,fit
107,fit
227,fit
205,fit
261,fit
223,fit
115,validation
9,validation
102,validation
40,validation
274,validation
120,validation
62,validation
83,validation
66,validation
128,validation
114,validation
59,validation
250,validation
45,validation
195,validation
116,validation
256,validation
242,validation
159,validation
14,validation
138,validation
53,validation
269,validation
156,validation
97,validation
94,validation
110,validation
207,validation
33,validation
147,validation
133,validation
177,validation
12,validation
100,validation
291,validation
257,validation
297,validation
37,validation
290,validation
85,validation
78,validation
174,validation
10,validation
95,validation
218,validation
161,validation
221,validation
125,validation
254,test
88,test
122,test
8,test
197,test
288,test
130,test
173,test
178,test
6,test
52,test
54,test
238,test
184,test
105,test
263,test
236,test
117,test
216,test
69,test
298,test
137,test
23,test
34,test
106,test
190,test
169,test
176,test
299,test
26,test
63,test
7,test
244,test
268,test
199,test
90,test
217,test
65,test
153,test
271,test
46,test
181,test
76,test
68,test
119,test
49,test
253,test
235,test
1,test
243,test
232,test
56,test
79,test
229,test
157,test
252,test
234,test
266,test
47,test
165,test
